"cov","mu","sd","PopulationName"
"extent",11.648064516129,13.8927618777986,NA
"drain",62.8627037962362,194.150541782859,NA
"temp",12.9650903480475,1.99820274719799,NA
"gndvi",0.451613043755343,0.115640990814617,NA
"gms",91.1733334149725,221.50930478416,NA
"bkt",0.132887438058535,0.251539448040646,NA
"pndvi",0.39304735115625,0.0351447211719304,"Abel"
"pndvi",0.25730877671875,0.039747646410645,"Abel&SHReconnect"
"pndvi",0.61410552296875,0.0436460705667997,"Ackler"
"pndvi",0.49345744125,0.0406043296975697,"Alles"
"pndvi",0.41869143209375,0.0454379960671161,"Alles&DeeringReconnect"
"pndvi",0.41464399621875,0.0397166772855068,"Andorno"
"pndvi",0.375714271375,0.0386092978044525,"Bartlett"
"pndvi",0.31024611409375,0.0309280126670807,"Battle_NF"
"pndvi",0.40833244015625,0.051651601354562,"Big&Big_NF"
"pndvi",0.44242575884375,0.0492334622898055,"Big&CorralCyn"
"pndvi",0.452220717875,0.0302204379319834,"Birch"
"pndvi",0.42830388315625,0.0413050878592798,"Boone"
"pndvi",0.44162124525,0.0419496850174193,"Bottle"
"pndvi",0.60666581540625,0.0476326666048816,"Boulder_1st&2nd_dwn&WF"
"pndvi",0.652672666625,0.0839090225258157,"Boulder_2nd_up"
"pndvi",0.65552734159375,0.0517491187241336,"Boulder_4th"
"pndvi",0.5651285505625,0.037187499242596,"Boulder_EF&Boulder_3rd"
"pndvi",0.53828224184375,0.0521688864126845,"BoulderEFWFReconnect"
"pndvi",0.6912545595625,0.036250486118937,"BoxCanyon_aka_Stoddard"
"pndvi",0.4927504208125,0.0409317684687795,"Brown"
"pndvi",0.44920843484375,0.052591133597632,"BuffaloCanyon"
"pndvi",0.3515983711875,0.0435242963008154,"CA_Bodie"
"pndvi",0.590790571625,0.0351972349903917,"CA_ByDay"
"pndvi",0.54289081759375,0.0482784377366896,"CA_CharityValley"
"pndvi",0.6299475026875,0.0395119112256652,"CA_ColdStream"
"pndvi",0.5370205288125,0.0425206392983202,"CA_Deep"
"pndvi",0.66104164965625,0.0387189084878433,"CA_Deer"
"pndvi",0.48589071146875,0.0454575907969638,"CA_Desert"
"pndvi",0.517489797078125,0.0406909580007052,"CA_Dog"
"pndvi",0.53320393978125,0.0470176434803234,"CA_Dunderberg&Dog"
"pndvi",0.6545654310625,0.0409486732303322,"CA_Eagle"
"pndvi",0.55015778234375,0.0320291511335624,"CA_EastForkCarson"
"pndvi",0.52373875621875,0.033128499086977,"CA_EastForkCarson_up1"
"pndvi",0.57430601034375,0.0324245959059066,"CA_EastForkCarson_up2"
"pndvi",0.5988180931875,0.0492152183228423,"CA_EastForkCarsonReconnect"
"pndvi",0.603364587,0.0491652665334526,"CA_Forestdale"
"pndvi",0.66000427534375,0.0351794095438632,"CA_GoldenCanyon"
"pndvi",0.5859224496875,0.0406328332768553,"CA_Horse"
"pndvi",0.6385114946875,0.043541925685654,"CA_Horsethief"
"pndvi",0.5913264611875,0.0457227684123391,"CA_Hunter"
"pndvi",0.57522926996875,0.0472154906491833,"CA_JeffDavis"
"pndvi",0.60313931690625,0.0615151653657201,"CA_LittleTruckee"
"pndvi",0.51906839665625,0.0526810571786736,"CA_Mill_dwn"
"pndvi",0.6715215700625,0.0385042816505594,"CA_Mill_up"
"pndvi",0.5360700375625,0.0423620465886351,"CA_Mountaineer"
"pndvi",0.55350450046875,0.0439233534956932,"CA_Mountaineer_E_up"
"pndvi",0.63857160246875,0.0365862760489105,"CA_Mountaineer_W_up"
"pndvi",0.5401944634375,0.0448825811594113,"CA_Murphy"
"pndvi",0.647374883875,0.02939629138238,"CA_MurrayCanyon"
"pndvi",0.52208987178125,0.0433459190202628,"CA_Paiute_CorralValley"
"pndvi",0.62144961584375,0.0428631989015572,"CA_Paiute_CoyoteValley"
"pndvi",0.68195142346875,0.041527411701266,"CA_Paiute_FlyValley"
"pndvi",0.70592300090625,0.0480310563767547,"CA_Paiute_FourMileCanyon"
"pndvi",0.58042806153125,0.0432184168926808,"CA_Paiute_Historic"
"pndvi",0.5971600853125,0.0501182146500697,"CA_Paiute_UpSilverKing"
"pndvi",0.670704736265625,0.0395699103180677,"CA_Perazzo"
"pndvi",0.63460300546875,0.0382618067794044,"CA_PoisonFlat"
"pndvi",0.660252200765625,0.0379229760389992,"CA_Pole"
"pndvi",0.59594135328125,0.0401944357458959,"CA_RaymondMeadows"
"pndvi",0.60475470071875,0.034272691104286,"CA_Robinson"
"pndvi",0.29468627496875,0.0334438707212304,"CA_RoBoReconnect"
"pndvi",0.39609702440625,0.0390373757932384,"CA_Rough"
"pndvi",0.687419001046875,0.0453362866744955,"CA_SageHen"
"pndvi",0.6035930578125,0.0359565778183961,"CA_Silver_dwn"
"pndvi",0.66749495996875,0.0393843487201396,"CA_Silver_NWTahoe"
"pndvi",0.6127364915,0.0437304676046617,"CA_Silver_up"
"pndvi",0.51522366784375,0.0553289703029368,"CA_Slinkard"
"pndvi",0.4717352580625,0.0474650280358774,"CA_Slinkard_dwn"
"pndvi",0.53167887575,0.0281028939585083,"CA_UpperTruckee_dwn"
"pndvi",0.638287082921875,0.0618552733601648,"CA_UpperTruckee_up"
"pndvi",0.622959419125,0.050338328595261,"CA_WebberLake"
"pndvi",0.5797910989375,0.0371020525638353,"CA_Willow"
"pndvi",0.52634580225,0.0347725443441238,"CA_Willow_up"
"pndvi",0.61869564346875,0.042619739340544,"CA_Wolf_dwn"
"pndvi",0.65213065528125,0.0456985515167442,"CA_Wolf_up"
"pndvi",0.4338254478125,0.0475606891005527,"Cabin&DJ&Lye&Martin&Deep&RoundCorral&Alkali"
"pndvi",0.60993761915625,0.051100847222432,"Cabin_up"
"pndvi",0.503541081875,0.064029552526502,"California"
"pndvi",0.33848950928125,0.0415242799036569,"Canyon&Canyon_SF"
"pndvi",0.4379860646875,0.0381493434924768,"Carville"
"pndvi",0.47223989921875,0.050259575199561,"Clear_RRD"
"pndvi",0.5087730175,0.043138560990895,"Cold_ColdNF"
"pndvi",0.57076283996875,0.0395722889730081,"Cold_NF_up"
"pndvi",0.3069295514375,0.0381651014210112,"Colman_up"
"pndvi",0.5409540718125,0.0425391477192258,"Conrad_dwn&Talbot_dwn"
"pndvi",0.6790183530625,0.0426556159340973,"Conrad_up"
"pndvi",0.2827206055,0.0395775450180622,"Cottonwood&Indian_QRD"
"pndvi",0.53347165715625,0.0406116747095479,"Cottonwood_RRD"
"pndvi",0.5613880390625,0.0347598227282468,"Cottonwood_SFHRD"
"pndvi",0.43973914171875,0.0318720498006965,"Cottonwood_WalkerLake"
"pndvi",0.455307078625,0.0515599563599336,"Coyote"
"pndvi",0.5384898850625,0.0370617361359489,"CraneCanyon"
"pndvi",0.412752021734375,0.0344139022205671,"CraneCanyon_dwn"
"pndvi",0.38025194190625,0.0402884030557719,"Crowley"
"pndvi",0.41300255371875,0.0550881956000526,"Currant"
"pndvi",0.44959720678125,0.0787276841935994,"Currant_up"
"pndvi",0.468348018625,0.0357138821815771,"Deering"
"pndvi",0.340174690875,0.042238447372812,"Dixie"
"pndvi",0.27048816234375,0.0329914702279633,"Donnelly"
"pndvi",0.3175369948125,0.0414741535759882,"Dorsey"
"pndvi",0.5680010461875,0.0682199180833894,"Draw_AboveBarrier"
"pndvi",0.37528039921875,0.0286676222720217,"EchoCanyon_dwn"
"pndvi",0.65480385928125,0.039196007904018,"EchoCanyon_up"
"pndvi",0.35595840615625,0.0314870430694012,"Edwards"
"pndvi",0.32344801884375,0.0463032856010325,"Eightmile"
"pndvi",0.481265944625,0.060600312359125,"EMR&MRBC&CC&QC&Cutt&Short&WillBas"
"pndvi",0.3821689495,0.0463541798966848,"FallsCanyon"
"pndvi",0.38558594796875,0.0457240672739409,"Flat"
"pndvi",0.40522447346875,0.0479443285832498,"Flat_SFReconnect"
"pndvi",0.56947262884375,0.052257394356974,"Foreman"
"pndvi",0.3151924098125,0.0392572361089179,"Frazer"
"pndvi",0.6406293773125,0.0454144265953343,"Furlong_N"
"pndvi",0.5427792555625,0.0509666774508483,"Gance_RdCny_Warm"
"pndvi",0.54046060796875,0.0562681318633846,"Gardner"
"pndvi",0.51524647765625,0.0359776630990053,"Gennette"
"pndvi",0.4409697920625,0.0415392273212085,"GreenMtn_Main_SF"
"pndvi",0.57388949728125,0.0462815373969794,"GreenMtn_NF"
"pndvi",0.43120721140625,0.0354438982552856,"Greys"
"pndvi",0.6468328454375,0.0408974030554724,"Greys_up"
"pndvi",0.39122951353125,0.0362319724280152,"GrMtnToynReconnect"
"pndvi",0.43637102415625,0.0456833810376755,"Hall&Greys_dwn"
"pndvi",0.38580679703125,0.0413660923692308,"Hanks&Conners"
"pndvi",0.30151967440625,0.0400911718031287,"Happy"
"pndvi",0.3854048644375,0.0557750273633918,"HorseCanyon"
"pndvi",0.40736325925,0.0516683894153038,"House"
"pndvi",0.57901463778125,0.0598660774907486,"Humboldt_NF&ColeCyn"
"pndvi",0.47446215428125,0.0741002207614338,"HumboldtReconnect"
"pndvi",0.338434236375,0.0328112231578198,"Illinois"
"pndvi",0.4007392498125,0.0417036558739007,"Indian"
"pndvi",0.42524030578125,0.0460985053578087,"Indian_SF"
"pndvi",0.348856053375,0.0333629096567821,"Jackson"
"pndvi",0.38980029759375,0.0484633446554917,"Kings&ColdSpgs"
"pndvi",0.2796122791875,0.0349829197047899,"KingsReconnect"
"pndvi",0.5857218215625,0.0411653771478016,"Kleckner_dwn&Welch"
"pndvi",0.69222733075,0.0384135053268141,"Kleckner_up"
"pndvi",0.3980159461875,0.0487953092414133,"KlondikeCan&Quinn_EF&Laca"
"pndvi",0.57958244753125,0.032850301220798,"LamoilleCyn"
"pndvi",0.5311978606875,0.0444281751837849,"Lee"
"pndvi",0.528088868875,0.036946776876126,"Lewis_RRD"
"pndvi",0.37046550671875,0.0475227093166894,"LineCanyon"
"pndvi",0.3687974980625,0.0352084531201997,"LittleCottonwood"
"pndvi",0.39034017003125,0.049532389238993,"LittleHumboldt_NF"
"pndvi",0.40385709171875,0.0450543994831264,"LittleJack"
"pndvi",0.40449596478125,0.0427907273971802,"LogCabin&Raster"
"pndvi",0.29844704809375,0.0591994219106513,"LoneMtn"
"pndvi",0.385474504,0.0504564962335076,"Maggie"
"pndvi",0.40841231615625,0.0568337364225711,"MaggieReconnect"
"pndvi",0.421473764625,0.0739148504902589,"Mahala&Jim"
"pndvi",0.585256748375,0.042900942099916,"Mahogany&Segunda&LongCanyon"
"pndvi",0.34620028228125,0.0253263938978425,"MarySloan"
"pndvi",0.5287490440625,0.0613755223343655,"MarysReconnect"
"pndvi",0.47321769334375,0.0343783137182685,"Marysville"
"pndvi",0.22730348790625,0.0196853536214847,"Marysville_nonconpop"
"pndvi",0.428857524125,0.0342188477637226,"Marysville_nonconpop_up"
"pndvi",0.39280434978125,0.0366993719641425,"McConnell"
"pndvi",0.4508195868125,0.0438946492343103,"McCutcheon_dwn"
"pndvi",0.5904315038125,0.041068089194289,"McCutcheon_up"
"pndvi",0.48802890584375,0.0482953341199815,"McDermitt_dwn&Sage_dwn"
"pndvi",0.48598303984375,0.0559154443136101,"McDermitt_NF&McD_up"
"pndvi",0.3369932863125,0.0501275993599713,"McDermittReconnect"
"pndvi",0.35317414303125,0.0488484738106137,"Mitchell&Mitchell_NF"
"pndvi",0.46519682503125,0.0401735532058859,"MohawkCanyon"
"pndvi",0.54479993746875,0.0602330369260961,"MRBC_up"
"pndvi",0.41609905996875,0.0585541744960761,"Mullinex"
"pndvi",0.2739559973125,0.0314131335673711,"Paiute"
"pndvi",0.41937389265625,0.0411358793354293,"Pearl"
"pndvi",0.47477489709375,0.0350869127529778,"PeteHanson"
"pndvi",0.35948016646875,0.04879606020873,"Pie&Dorsey_low&Gance_low"
"pndvi",0.35657324828125,0.041700176864,"Pole_QRD"
"pndvi",0.515771989875,0.0436695104943103,"Pratt"
"pndvi",0.52608894775,0.105262883008006,"PrattReconnect"
"pndvi",0.61552611484375,0.047212623940303,"Rabbit"
"pndvi",0.660448366625,0.0348729047239147,"Rattlesnake_SFHRD"
"pndvi",0.45494441478125,0.049997076817528,"Rebel"
"pndvi",0.3799501191875,0.0356031802642536,"RedMtn"
"pndvi",0.445377804625,0.0391891493228303,"Reese&Sawmills"
"pndvi",0.37115779515625,0.0377368124558722,"ReeseReconnect"
"pndvi",0.291827195,0.0502087608949272,"Riser"
"pndvi",0.252225147515625,0.0335472046124448,"Rock_CrumCanyon"
"pndvi",0.2959128123125,0.0412535529421301,"Rock_dwn_QRD"
"pndvi",0.3212377705625,0.0320854240568426,"Rock_EdnaMtn"
"pndvi",0.391764296078125,0.0467924125553302,"Rock_RCD"
"pndvi",0.27751640215625,0.0473249061180463,"RockTJReconnect"
"pndvi",0.3028421748125,0.034538558753605,"Rodeo"
"pndvi",0.41472432578125,0.0492063813456468,"Sage_up_QRD"
"pndvi",0.46831159509375,0.0445013312904607,"SanJuan&SanJuan_SF"
"pndvi",0.42780173934375,0.044668129682551,"SFLH_Pole_Snowstorm"
"pndvi",0.2856272588125,0.0329690618185232,"Sherman"
"pndvi",0.266566546,0.0328671529155313,"Sherman_EF"
"pndvi",0.26404170125,0.0323454112208789,"ShermanReconnect"
"pndvi",0.3258944998125,0.0364036990912776,"Silver_NF"
"pndvi",0.3766714215,0.0425396834640084,"Singas"
"pndvi",0.5224407883125,0.0526211981025551,"Smith_Main_NF_MF_SF"
"pndvi",0.4254242806875,0.0306730960151149,"SmithGenReconnect"
"pndvi",0.33736689959375,0.0388375905160526,"Snow&Chicken&Leonard"
"pndvi",0.3451982999375,0.0350594249158872,"Sonoma"
"pndvi",0.36860432271875,0.0378056217284241,"Star"
"pndvi",0.42738973984375,0.0466524262991927,"Stephens"
"pndvi",0.45931320328125,0.0346187824630655,"Stewart&Stewart_NF&MF"
"pndvi",0.3864202725,0.0329060951913991,"StoneHouse"
"pndvi",0.39042567571875,0.0484509240871864,"Susie"
"pndvi",0.5322779746875,0.0520046220128663,"T_Creek&Draw"
"pndvi",0.42417013584375,0.0562616981449216,"Tabor"
"pndvi",0.68055527159375,0.0450838849792236,"Talbot_up"
"pndvi",0.5351344506875,0.0400871651512655,"Thorpe_LamValley"
"pndvi",0.3431683455,0.0340944768376375,"Threemile"
"pndvi",0.444490405109375,0.0339148286557861,"Tierney"
"pndvi",0.316263765453125,0.0441472036079872,"ToeJam"
"pndvi",0.44108191440625,0.0485138117943026,"Toyn"
"pndvi",0.46139569953125,0.0350011585829789,"Trout_EastHumboldt"
"pndvi",0.56590324884375,0.0400464260856309,"Trout_EastHumboldt_up"
"pndvi",0.2281652599375,0.0303019723409754,"Washburn_dwn"
"pndvi",0.37421141246875,0.0492199503832125,"Washburn_up"
"pndvi",0.4613050884375,0.039853510673546,"Washington"
"pndvi",0.39760142775,0.0411852642499137,"WashONeal"
"pndvi",0.38230801234375,0.0445535488697276,"Whitehorse_OR"
"pndvi",0.42282249290625,0.0544954543772464,"Whitehorse_OR_E_up"
"pndvi",0.396072023125,0.053601977873451,"Whitehorse_OR_W_up"
"pndvi",0.4029366435625,0.0685264014364201,"Wildcat"
"pndvi",0.32844352284375,0.0451195918666631,"Willow&Lewis&Nelson"
"pndvi",0.43058773253125,0.024242889115706,"Willow_DesatoyaMtns"
"pndvi",0.32863902603125,0.0513309052379787,"Willow_OR_dwn"
"pndvi",0.41558189640625,0.0427278038551919,"Willow_OR_up"
"pndvi",0.4680954704375,0.065844909670797,"Willow_QRD"
"pndvi",0.458121866875,0.051276849070865,"Willow_QRD_SF"
"pndvi",0.4595297344375,0.0346786022550122,"WilsonCanyon"
"pndvi",0.49487583159375,0.0614816798768172,"Winters"
"pndvi",0.53638356503125,0.049366530512442,"WMR&CmpDraw&Gaws"
"ms",10.6024943197719,7.50912416425027,"Abel"
"ms",23.3741196234187,16.2935362616424,"Abel&SHReconnect"
"ms",66.0179152344844,49.3690864552485,"Ackler"
"ms",24.0723210350281,21.4067013108691,"Alles"
"ms",61.423596625175,54.7784250936715,"Alles&DeeringReconnect"
"ms",325.347009704081,189.117138907861,"Andorno"
"ms",29.2757863651625,19.6144761701255,"Bartlett"
"ms",22.0729507685312,15.5828841609767,"Battle_NF"
"ms",31.1287675818969,21.8889756641954,"Big&Big_NF"
"ms",22.3608352333125,16.7321569060495,"Big&CorralCyn"
"ms",17.0638518879625,10.3504938621923,"Birch"
"ms",26.3447720862969,19.9035108211679,"Boone"
"ms",17.9586490006813,11.1214725263366,"Bottle"
"ms",78.8708644604125,70.3324544191816,"Boulder_1st&2nd_dwn&WF"
"ms",23.3644783637063,20.7401373872327,"Boulder_2nd_up"
"ms",35.6503604683531,31.5929550520006,"Boulder_4th"
"ms",81.4260648110156,71.6535227746455,"Boulder_EF&Boulder_3rd"
"ms",93.1119938207156,81.6702137732424,"BoulderEFWFReconnect"
"ms",115.419832567463,204.696712415076,"BoxCanyon_aka_Stoddard"
"ms",1147.41328817181,743.569946111289,"Brown"
"ms",48.36298584945,30.8819414221972,"BuffaloCanyon"
"ms",64.6475282357531,39.9216304232448,"CA_Bodie"
"ms",9.82333874335625,6.08829869731858,"CA_ByDay"
"ms",242.129952772072,426.277524945078,"CA_CharityValley"
"ms",45.6769459003219,79.2640860393023,"CA_ColdStream"
"ms",118.540362210756,157.83328849337,"CA_Deep"
"ms",28.5754235930563,55.4075562161227,"CA_Deer"
"ms",210.051319122219,321.17565569068,"CA_Desert"
"ms",31.9438233568094,32.2809284582371,"CA_Dog"
"ms",179.487667016544,258.394674106725,"CA_Dunderberg&Dog"
"ms",312.641235631975,459.601336034558,"CA_Eagle"
"ms",925.983471182597,1482.10519431741,"CA_EastForkCarson"
"ms",286.376951831072,442.487925624312,"CA_EastForkCarson_up1"
"ms",236.6785869349,361.99262522183,"CA_EastForkCarson_up2"
"ms",1128.06979984212,1810.13144037792,"CA_EastForkCarsonReconnect"
"ms",133.427871046994,234.92563934644,"CA_Forestdale"
"ms",139.776651270506,227.451415249824,"CA_GoldenCanyon"
"ms",343.275176608034,510.632145331292,"CA_Horse"
"ms",39.2208680234844,62.9694237691291,"CA_Horsethief"
"ms",40.5011217585812,65.6846761105905,"CA_Hunter"
"ms",85.6920151359937,149.735920459533,"CA_JeffDavis"
"ms",1404.40859521606,2741.65838824699,"CA_LittleTruckee"
"ms",64.9367584662375,82.3295201258929,"CA_Mill_dwn"
"ms",44.3140713637219,58.8992532759507,"CA_Mill_up"
"ms",13.1126236432281,9.98699957255547,"CA_Mountaineer"
"ms",8.40683891955937,6.58284072430046,"CA_Mountaineer_E_up"
"ms",3.94720311104375,2.9164344242514,"CA_Mountaineer_W_up"
"ms",53.732387039125,88.0754336207737,"CA_Murphy"
"ms",130.914479649553,212.424031040574,"CA_MurrayCanyon"
"ms",63.4426728733531,103.531740324565,"CA_Paiute_CorralValley"
"ms",68.7238321837875,113.571640392266,"CA_Paiute_CoyoteValley"
"ms",33.3526517923437,53.7150824096397,"CA_Paiute_FlyValley"
"ms",42.3716867426875,70.0226081206298,"CA_Paiute_FourMileCanyon"
"ms",554.310927289453,888.235501597476,"CA_Paiute_Historic"
"ms",245.486085397087,397.687638080046,"CA_Paiute_UpSilverKing"
"ms",440.333464143278,867.236530191921,"CA_Perazzo"
"ms",65.8514373784563,104.513281699151,"CA_PoisonFlat"
"ms",117.128109840953,167.280801884864,"CA_Pole"
"ms",51.4401430602188,81.0276237673737,"CA_RaymondMeadows"
"ms",1115.08426751901,1646.33349045447,"CA_Robinson"
"ms",359.511015102916,253.758792222621,"CA_RoBoReconnect"
"ms",77.5674466036187,49.5395191794991,"CA_Rough"
"ms",116.422473107009,193.222990978366,"CA_SageHen"
"ms",181.718363125037,303.360000371634,"CA_Silver_dwn"
"ms",13.256350882225,25.7039761575437,"CA_Silver_NWTahoe"
"ms",181.718363125037,303.360000371634,"CA_Silver_up"
"ms",18.0463658315469,12.8740716282487,"CA_Slinkard"
"ms",25.0547469299469,17.8979426491692,"CA_Slinkard_dwn"
"ms",277.542126148053,415.120120782469,"CA_UpperTruckee_dwn"
"ms",277.542126148053,415.120120782469,"CA_UpperTruckee_up"
"ms",808.303594253047,1600.74140681952,"CA_WebberLake"
"ms",213.8192095612,354.039724535308,"CA_Willow"
"ms",116.717535603447,192.917807990129,"CA_Willow_up"
"ms",134.703681616466,225.717465029262,"CA_Wolf_dwn"
"ms",134.703681616466,225.717465029262,"CA_Wolf_up"
"ms",302.751687584731,173.331236830406,"Cabin&DJ&Lye&Martin&Deep&RoundCorral&Alkali"
"ms",11.4776854355813,6.57090747828303,"Cabin_up"
"ms",11.84658230855,8.24689371351025,"California"
"ms",61.6568741957875,36.6880888896582,"Canyon&Canyon_SF"
"ms",25.1731284869594,18.7915566278929,"Carville"
"ms",0.4179257134375,0.289116717936709,"Clear_RRD"
"ms",65.5995217520344,53.5896158836825,"Cold_ColdNF"
"ms",17.85041150625,14.0956476247951,"Cold_NF_up"
"ms",25.2410135183469,18.3422597632424,"Colman_up"
"ms",76.15554155145,61.2270295656855,"Conrad_dwn&Talbot_dwn"
"ms",17.8858469383469,14.393634879559,"Conrad_up"
"ms",79.854610107775,47.8951515602038,"Cottonwood&Indian_QRD"
"ms",15.5931517700062,11.3141756349536,"Cottonwood_RRD"
"ms",19.8542494394031,15.025926808912,"Cottonwood_SFHRD"
"ms",32.0815493903594,27.3879157135973,"Cottonwood_WalkerLake"
"ms",28.7814045761344,18.0937954772584,"Coyote"
"ms",9.29709535392812,6.75258794761215,"CraneCanyon"
"ms",9.29709535392812,6.75258794761215,"CraneCanyon_dwn"
"ms",35.5670413708719,21.203344625794,"Crowley"
"ms",86.4286977141375,68.4077265591962,"Currant"
"ms",18.4819745683469,15.2782395412774,"Currant_up"
"ms",37.2714063236406,33.3005106744142,"Deering"
"ms",39.8033972480062,31.7484803971204,"Dixie"
"ms",4.75084084918438,3.1650117830325,"Donnelly"
"ms",28.6519346954375,19.6639815218474,"Dorsey"
"ms",19.0811738390625,15.2156567985149,"Draw_AboveBarrier"
"ms",77.4710481874625,133.75941005413,"EchoCanyon_dwn"
"ms",42.5861084912125,77.3229751591288,"EchoCanyon_up"
"ms",64.8735352232281,52.6851218045863,"Edwards"
"ms",79.5447725889063,47.7653659203459,"Eightmile"
"ms",280.436114898031,219.844043427573,"EMR&MRBC&CC&QC&Cutt&Short&WillBas"
"ms",12.1607787282563,8.00958626809727,"FallsCanyon"
"ms",38.3791240505969,22.0347074786679,"Flat"
"ms",10.9167345831937,6.37634405215771,"Flat_SFReconnect"
"ms",16.2515520668156,11.154925890783,"Foreman"
"ms",23.0743241330031,13.3133964883856,"Frazer"
"ms",105.507366752528,188.595374282377,"Furlong_N"
"ms",21.0929352791281,14.0970688288036,"Gance_RdCny_Warm"
"ms",11.2834101527656,7.59341957359682,"Gardner"
"ms",26.8878615295594,20.2961246887479,"Gennette"
"ms",64.3729865466031,46.7464833935737,"GreenMtn_Main_SF"
"ms",18.5730377855094,13.6790778079529,"GreenMtn_NF"
"ms",10.2729987383187,6.49026723176874,"Greys"
"ms",10.2729987383187,6.49026723176874,"Greys_up"
"ms",112.163780890113,81.7748797427773,"GrMtnToynReconnect"
"ms",8.67792209064375,5.55252548711957,"Hall&Greys_dwn"
"ms",178.570620773881,114.054973826222,"Hanks&Conners"
"ms",11.4097997565906,7.23398893846109,"Happy"
"ms",25.8329272546938,15.7997505785979,"HorseCanyon"
"ms",10.5258192340312,7.08883965586693,"House"
"ms",192.846490484306,139.432039610962,"Humboldt_NF&ColeCyn"
"ms",438.348011013187,299.592160038351,"HumboldtReconnect"
"ms",35.0359568190656,23.8418506210661,"Illinois"
"ms",51.8710040874844,29.2072732441046,"Indian"
"ms",19.874818444075,11.315876156926,"Indian_SF"
"ms",29.7678766948187,19.0342419628064,"Jackson"
"ms",51.082704171225,34.732629191901,"Kings&ColdSpgs"
"ms",128.213251831147,86.9761309634367,"KingsReconnect"
"ms",353.327506112797,588.828050032591,"Kleckner_dwn&Welch"
"ms",129.281840675531,225.644612530577,"Kleckner_up"
"ms",544.114342069547,348.85938586838,"KlondikeCan&Quinn_EF&Laca"
"ms",232.831046841962,291.873145723056,"LamoilleCyn"
"ms",25.4982252685187,18.5522121093939,"Lee"
"ms",17.0046138954469,10.1649653929219,"Lewis_RRD"
"ms",12.6636018887687,8.05237613628627,"LineCanyon"
"ms",9.40547200762187,5.37122986536555,"LittleCottonwood"
"ms",433.522263475216,256.472080921813,"LittleHumboldt_NF"
"ms",16.3619197717094,10.4088869053087,"LittleJack"
"ms",27.3294491662906,18.7095585536802,"LogCabin&Raster"
"ms",27.8768137583719,18.349046115457,"LoneMtn"
"ms",83.3783839069937,51.23488834997,"Maggie"
"ms",595.713278672741,373.881561371569,"MaggieReconnect"
"ms",588.505483550075,395.707148014312,"Mahala&Jim"
"ms",474.483079094825,822.709110874865,"Mahogany&Segunda&LongCanyon"
"ms",22.2535444544125,13.6651214916464,"MarySloan"
"ms",1045.06417054817,754.529941580303,"MarysReconnect"
"ms",5.55602146860937,4.05513940742541,"Marysville"
"ms",37.875862625425,27.546518879703,"Marysville_nonconpop"
"ms",37.875862625425,27.546518879703,"Marysville_nonconpop_up"
"ms",18.2764245492187,11.1769057021854,"McConnell"
"ms",44.282689627875,33.4783756691001,"McCutcheon_dwn"
"ms",44.282689627875,33.4783756691001,"McCutcheon_up"
"ms",704.067355770434,424.415279287403,"McDermitt_dwn&Sage_dwn"
"ms",86.0508714703531,54.1130647750357,"McDermitt_NF&McD_up"
"ms",817.436515970672,491.182642137646,"McDermittReconnect"
"ms",91.7955272271156,65.5200601025745,"Mitchell&Mitchell_NF"
"ms",8.46329138013125,6.2049341449746,"MohawkCanyon"
"ms",22.7947338218563,18.1843225690183,"MRBC_up"
"ms",19.6174882035875,10.8770234672855,"Mullinex"
"ms",46.6010713268313,34.5769943314165,"Paiute"
"ms",28.8622148606344,21.1230685208075,"Pearl"
"ms",22.2911336561563,13.6319811926677,"PeteHanson"
"ms",673.208850723587,439.823647782292,"Pie&Dorsey_low&Gance_low"
"ms",23.6661728482219,14.2970401374968,"Pole_QRD"
"ms",22.8948263700844,16.2445468616147,"Pratt"
"ms",18.2772279085344,13.2580413697113,"PrattReconnect"
"ms",42.6172129921406,41.6485205026328,"Rabbit"
"ms",44.7410604505625,36.0197189090342,"Rattlesnake_SFHRD"
"ms",41.5501023873813,25.307603819486,"Rebel"
"ms",125.371368723025,112.542041422618,"RedMtn"
"ms",187.379245070975,127.18539297913,"Reese&Sawmills"
"ms",525.153928520966,356.797993970206,"ReeseReconnect"
"ms",121.03760629715,74.935252957702,"Riser"
"ms",13.0995199905188,7.79197812420503,"Rock_CrumCanyon"
"ms",26.5557340397031,15.9590946429663,"Rock_dwn_QRD"
"ms",11.3717476305156,8.60106231916101,"Rock_EdnaMtn"
"ms",54.2165565227813,31.4187670994582,"Rock_RCD"
"ms",279.844349899953,163.095201808235,"RockTJReconnect"
"ms",7.34508483139375,4.94201874472172,"Rodeo"
"ms",64.1676314189219,40.5298349123282,"Sage_up_QRD"
"ms",26.4290189507625,18.7608052882534,"SanJuan&SanJuan_SF"
"ms",243.049950136422,151.225758581785,"SFLH_Pole_Snowstorm"
"ms",17.396351902925,12.35397979787,"Sherman"
"ms",14.8292404294719,10.2749779061643,"Sherman_EF"
"ms",33.4486692018062,23.4307486952728,"ShermanReconnect"
"ms",23.5169449904438,19.1841114622214,"Silver_NF"
"ms",10.3539792686938,6.90796183164679,"Singas"
"ms",47.5634951672938,35.6842843109688,"Smith_Main_NF_MF_SF"
"ms",75.2992655150562,56.5920911494636,"SmithGenReconnect"
"ms",63.8478041284156,42.8700489647003,"Snow&Chicken&Leonard"
"ms",7.45729080667812,5.71337190887549,"Sonoma"
"ms",15.5065531176031,14.2314637229925,"Star"
"ms",47.0862180662375,38.9731067263769,"Stephens"
"ms",14.9156932553438,10.4506191121136,"Stewart&Stewart_NF&MF"
"ms",10.8127706792375,7.64928654524223,"StoneHouse"
"ms",84.6867610886469,56.8333845316986,"Susie"
"ms",86.3751661016812,67.8308663178562,"T_Creek&Draw"
"ms",160.054211038391,123.188424833464,"Tabor"
"ms",52.4757049386781,42.2632861411189,"Talbot_up"
"ms",85.1446829638531,73.1879534240192,"Thorpe_LamValley"
"ms",35.5201445656906,21.3327838623623,"Threemile"
"ms",53.7815296519656,38.9523027918834,"Tierney"
"ms",52.7712768268906,30.0469995844979,"ToeJam"
"ms",39.7838425439969,29.2233065146033,"Toyn"
"ms",11.1503793224281,7.17629682163181,"Trout_EastHumboldt"
"ms",9.44354407298125,6.07779102005136,"Trout_EastHumboldt_up"
"ms",33.8412356824563,20.171490365331,"Washburn_dwn"
"ms",3.99082295491562,2.61129352557732,"Washburn_up"
"ms",40.3293762064812,29.1621730055793,"Washington"
"ms",20.5728279148594,13.8980721974416,"WashONeal"
"ms",873.815432819138,576.623574713958,"Whitehorse_OR"
"ms",46.4873294865281,33.1452027472645,"Whitehorse_OR_E_up"
"ms",61.1429617350875,43.162675823751,"Whitehorse_OR_W_up"
"ms",32.5487008962281,25.3495659106339,"Wildcat"
"ms",364.371817195441,216.976701637095,"Willow&Lewis&Nelson"
"ms",25.9492012526187,21.4709057164407,"Willow_DesatoyaMtns"
"ms",301.834565020666,192.760922710784,"Willow_OR_dwn"
"ms",227.312939064006,146.353388152239,"Willow_OR_up"
"ms",28.0126036974969,16.0519203017118,"Willow_QRD"
"ms",60.7448954596375,35.2047993520192,"Willow_QRD_SF"
"ms",8.82443993349375,8.63887616692131,"WilsonCanyon"
"ms",15.1785111128281,10.5663865422529,"Winters"
"ms",74.8420697444281,61.5687526402085,"WMR&CmpDraw&Gaws"
"qmax",1974.07705948997,1773.54032970621,"Abel"
"qmax",4084.69536945453,3590.36689134077,"Abel&SHReconnect"
"qmax",8234.32943412303,5962.39781835581,"Ackler"
"qmax",3869.21411588397,3075.5477577585,"Alles"
"qmax",9911.08343502156,7888.41716867343,"Alles&DeeringReconnect"
"qmax",30370.6360827369,11085.7165135021,"Andorno"
"qmax",2368.02433448509,1955.87192523494,"Bartlett"
"qmax",2058.27782418797,1537.49417427745,"Battle_NF"
"qmax",2963.73379748453,2379.45828241798,"Big&Big_NF"
"qmax",2429.64354796831,1139.40731860779,"Big&CorralCyn"
"qmax",1241.83973724572,551.144990085842,"Birch"
"qmax",1804.21163287572,716.969939140949,"Boone"
"qmax",1756.36691230588,774.904658522732,"Bottle"
"qmax",12727.4107017908,10133.2591087965,"Boulder_1st&2nd_dwn&WF"
"qmax",3748.82753372509,2981.0407068712,"Boulder_2nd_up"
"qmax",5708.12555372684,4536.93988034658,"Boulder_4th"
"qmax",12927.6281160991,10257.1544527037,"Boulder_EF&Boulder_3rd"
"qmax",14707.9151381553,11641.3120793174,"BoulderEFWFReconnect"
"qmax",7950.33425137391,7423.05058630848,"BoxCanyon_aka_Stoddard"
"qmax",72209.1372541956,23294.8884044536,"Brown"
"qmax",5588.63198515997,3197.81018652798,"BuffaloCanyon"
"qmax",8202.29907853609,7992.89620173406,"CA_Bodie"
"qmax",1864.12067260734,1720.01650064652,"CA_ByDay"
"qmax",10314.492844927,13285.4939636106,"CA_CharityValley"
"qmax",5436.51950877587,7919.44349188142,"CA_ColdStream"
"qmax",12719.3115177103,12751.7437642981,"CA_Deep"
"qmax",4817.43145499472,6619.94699377031,"CA_Deer"
"qmax",15989.1852552151,13908.4559854395,"CA_Desert"
"qmax",16804.8769271704,24478.3618082999,"CA_Dog"
"qmax",4151.55730798059,3511.58952209228,"CA_Dunderberg&Dog"
"qmax",5703.64170694616,5207.19657818839,"CA_Eagle"
"qmax",23439.0503271069,26738.8467669448,"CA_EastForkCarson"
"qmax",5872.43819706778,6252.03248742908,"CA_EastForkCarson_up1"
"qmax",4559.91213680816,4716.62318957528,"CA_EastForkCarson_up2"
"qmax",29117.9700526076,33396.4916834188,"CA_EastForkCarsonReconnect"
"qmax",5681.76627252172,7320.28044946004,"CA_Forestdale"
"qmax",3863.12323176241,4489.42872979576,"CA_GoldenCanyon"
"qmax",5779.82585823013,5552.38189411751,"CA_Horse"
"qmax",1580.86888350866,1721.58492638945,"CA_Horsethief"
"qmax",9342.34806778959,9977.56112175728,"CA_Hunter"
"qmax",3762.89597120559,4748.10217933372,"CA_JeffDavis"
"qmax",104932.707212539,138978.613000353,"CA_LittleTruckee"
"qmax",6628.09878362209,7006.89912663754,"CA_Mill_dwn"
"qmax",3973.71896948106,4198.32553686346,"CA_Mill_up"
"qmax",4347.66952853103,5353.75078292386,"CA_Mountaineer"
"qmax",2067.94673329191,1964.0493817831,"CA_Mountaineer_E_up"
"qmax",1804.57103880491,2667.17211947187,"CA_Mountaineer_W_up"
"qmax",2494.03622843769,2116.38610668228,"CA_Murphy"
"qmax",3700.86283389291,4348.26386359488,"CA_MurrayCanyon"
"qmax",2304.07115036297,1975.27232348994,"CA_Paiute_CorralValley"
"qmax",2339.34623426019,2022.86779908119,"CA_Paiute_CoyoteValley"
"qmax",952.091273150875,948.9037649133,"CA_Paiute_FlyValley"
"qmax",1442.32419338419,1247.19937728899,"CA_Paiute_FourMileCanyon"
"qmax",17713.0929504957,16627.6446683607,"CA_Paiute_Historic"
"qmax",7507.98051341669,7032.5290922177,"CA_Paiute_UpSilverKing"
"qmax",31233.607237622,40641.7792943357,"CA_Perazzo"
"qmax",2307.27218490341,3008.42852388141,"CA_PoisonFlat"
"qmax",6343.45095291469,8745.30304575098,"CA_Pole"
"qmax",1922.88574156137,2423.17302474569,"CA_RaymondMeadows"
"qmax",19024.4957655285,17706.7430477163,"CA_Robinson"
"qmax",48797.4786915244,47326.2551783208,"CA_RoBoReconnect"
"qmax",12044.3926131476,11732.9865192913,"CA_Rough"
"qmax",16628.6536801052,23140.7818056131,"CA_SageHen"
"qmax",5591.12219558544,4812.03482258288,"CA_Silver_dwn"
"qmax",2234.84217164812,3071.04249514838,"CA_Silver_NWTahoe"
"qmax",5591.12219558544,4812.03482258288,"CA_Silver_up"
"qmax",4863.6364458975,3449.19061265874,"CA_Slinkard"
"qmax",6722.74047237363,4771.98470324201,"CA_Slinkard_dwn"
"qmax",7819.39230464103,8651.67728114653,"CA_UpperTruckee_dwn"
"qmax",7819.39230464103,8651.67728114653,"CA_UpperTruckee_up"
"qmax",59031.9463006201,76519.172267576,"CA_WebberLake"
"qmax",6855.03113845059,8570.62021732315,"CA_Willow"
"qmax",3795.56017445638,4699.05797967757,"CA_Willow_up"
"qmax",3654.74459074775,3776.10442167186,"CA_Wolf_dwn"
"qmax",3654.74459074775,3776.10442167186,"CA_Wolf_up"
"qmax",37374.9466011314,20415.5213730983,"Cabin&DJ&Lye&Martin&Deep&RoundCorral&Alkali"
"qmax",1966.80811261469,1828.09469085403,"Cabin_up"
"qmax",1449.80648528053,1120.60776589423,"California"
"qmax",8069.45708798891,5024.69450138135,"Canyon&Canyon_SF"
"qmax",4237.46904467816,3835.58342504223,"Carville"
"qmax",27.5832309675625,11.8806884456791,"Clear_RRD"
"qmax",5977.59535762447,4947.96766138635,"Cold_ColdNF"
"qmax",1613.96477034887,1287.23133933351,"Cold_NF_up"
"qmax",2054.79089436713,1576.02302385146,"Colman_up"
"qmax",7553.1946477105,4967.02655963466,"Conrad_dwn&Talbot_dwn"
"qmax",1768.95674177256,1163.76976583123,"Conrad_up"
"qmax",8350.31766061728,5428.02490807571,"Cottonwood&Indian_QRD"
"qmax",1539.58630197263,904.084385624173,"Cottonwood_RRD"
"qmax",3493.63632051,3214.44443316042,"Cottonwood_SFHRD"
"qmax",3709.27623055522,3614.1464530078,"Cottonwood_WalkerLake"
"qmax",3472.59308742291,2781.97366780362,"Coyote"
"qmax",710.9305337655,394.602410437875,"CraneCanyon"
"qmax",710.9305337655,394.602410437875,"CraneCanyon_dwn"
"qmax",6087.50397332506,4639.79218859149,"Crowley"
"qmax",8058.50133498525,4757.12897875378,"Currant"
"qmax",2306.58213681081,1404.68290749103,"Currant_up"
"qmax",6028.94982273175,4802.58285952179,"Deering"
"qmax",4415.58964424103,1995.56568614402,"Dixie"
"qmax",356.231216078219,211.618886765648,"Donnelly"
"qmax",3481.02582982475,2220.90188976586,"Dorsey"
"qmax",2195.27446679953,1499.03409666915,"Draw_AboveBarrier"
"qmax",5258.28552442275,4847.72044578687,"EchoCanyon_dwn"
"qmax",2971.81881507147,2806.03514259227,"EchoCanyon_up"
"qmax",4889.09492139819,2627.08385693569,"Edwards"
"qmax",10621.0098171218,6853.21816280566,"Eightmile"
"qmax",28939.6058113991,24733.0971180707,"EMR&MRBC&CC&QC&Cutt&Short&WillBas"
"qmax",2040.83062631003,1788.18114266669,"FallsCanyon"
"qmax",5050.07449977088,3107.8681954388,"Flat"
"qmax",1526.51048698888,910.71706205826,"Flat_SFReconnect"
"qmax",1944.77057651684,1464.73663051543,"Foreman"
"qmax",2163.21870155503,1339.84359011296,"Frazer"
"qmax",7299.17991952069,6840.66857499436,"Furlong_N"
"qmax",3387.60301208884,2606.33424054426,"Gance_RdCny_Warm"
"qmax",1311.72658432075,754.515662410237,"Gardner"
"qmax",4625.23141250353,4186.46103975458,"Gennette"
"qmax",7187.74797306981,4517.65819459337,"GreenMtn_Main_SF"
"qmax",2753.22242770034,2343.84532608844,"GreenMtn_NF"
"qmax",771.247941789562,394.894768863832,"Greys"
"qmax",771.247941789562,394.894768863832,"Greys_up"
"qmax",12326.7193624045,7165.40767073066,"GrMtnToynReconnect"
"qmax",793.392179822125,388.634822500028,"Hall&Greys_dwn"
"qmax",13337.1802864645,8206.98977163203,"Hanks&Conners"
"qmax",1183.97637734912,593.743231930383,"Happy"
"qmax",4143.02635888016,3288.94324561182,"HorseCanyon"
"qmax",1024.12203548984,488.251534194313,"House"
"qmax",20191.5222237172,14906.9270757173,"Humboldt_NF&ColeCyn"
"qmax",39803.3219103576,25738.8009303388,"HumboldtReconnect"
"qmax",2621.12480168397,1413.82633700102,"Illinois"
"qmax",8340.15114161337,7505.49563093453,"Indian"
"qmax",3385.9755221345,3143.94588390217,"Indian_SF"
"qmax",3294.79424845491,1735.17220932397,"Jackson"
"qmax",6577.13269176791,4942.12085687203,"Kings&ColdSpgs"
"qmax",16434.4281837657,12210.5425931554,"KingsReconnect"
"qmax",23538.0567163107,21319.4143234529,"Kleckner_dwn&Welch"
"qmax",8827.174967702,8179.54830735586,"Kleckner_up"
"qmax",50452.2292489992,21086.7957323351,"KlondikeCan&Quinn_EF&Laca"
"qmax",16383.8438409821,12475.3929511343,"LamoilleCyn"
"qmax",2769.54476443572,1423.04163147975,"Lee"
"qmax",1550.91077202731,795.617927513647,"Lewis_RRD"
"qmax",1886.80640950894,1717.53684455761,"LineCanyon"
"qmax",1262.48447900322,827.227661415248,"LittleCottonwood"
"qmax",54417.0149911037,34121.3334710569,"LittleHumboldt_NF"
"qmax",2124.12397711847,1730.99012755418,"LittleJack"
"qmax",3499.46830927119,2687.70173830188,"LogCabin&Raster"
"qmax",4058.84549522134,2906.12210748004,"LoneMtn"
"qmax",8091.19459580044,6401.82342475423,"Maggie"
"qmax",61091.6947040501,42596.2556240064,"MaggieReconnect"
"qmax",54938.0599493288,34081.7410070821,"Mahala&Jim"
"qmax",32398.5903415907,29907.9092855666,"Mahogany&Segunda&LongCanyon"
"qmax",1799.80848721459,832.258815134935,"MarySloan"
"qmax",79014.3650148648,53430.6871024393,"MarysReconnect"
"qmax",404.917710348844,210.751297126372,"Marysville"
"qmax",2718.83674751359,1419.97384658098,"Marysville_nonconpop"
"qmax",2718.83674751359,1419.97384658098,"Marysville_nonconpop_up"
"qmax",2932.20809099166,2328.6755419213,"McConnell"
"qmax",7724.38427730769,7062.79729573346,"McCutcheon_dwn"
"qmax",7724.38427730769,7062.79729573346,"McCutcheon_up"
"qmax",78842.7246381171,57067.1342903895,"McDermitt_dwn&Sage_dwn"
"qmax",13301.0733273549,12510.6255829067,"McDermitt_NF&McD_up"
"qmax",88511.9246779124,63553.7154619616,"McDermittReconnect"
"qmax",7472.31484589475,4433.99321651948,"Mitchell&Mitchell_NF"
"qmax",679.013589327906,384.451189489056,"MohawkCanyon"
"qmax",2629.91947721419,1816.29355651985,"MRBC_up"
"qmax",2420.80487837972,1307.22842691878,"Mullinex"
"qmax",3957.78012948172,2913.29369202207,"Paiute"
"qmax",3086.73196294894,1606.45911155387,"Pearl"
"qmax",1498.29962915088,669.412516433134,"PeteHanson"
"qmax",75774.1127362606,50301.3360564024,"Pie&Dorsey_low&Gance_low"
"qmax",3951.83335601497,2968.8834841338,"Pole_QRD"
"qmax",2644.24976586584,1989.47516503964,"Pratt"
"qmax",2333.035534303,1801.80160784856,"PrattReconnect"
"qmax",3605.89381842241,2353.48387256153,"Rabbit"
"qmax",4298.69456031441,2662.16736092233,"Rattlesnake_SFHRD"
"qmax",6542.93265269841,5146.71963523105,"Rebel"
"qmax",16773.9292202512,28756.6501509707,"RedMtn"
"qmax",15215.3756866192,9131.18796386736,"Reese&Sawmills"
"qmax",37516.7152962442,20522.6788095935,"ReeseReconnect"
"qmax",15000.0204487784,10710.3303405763,"Riser"
"qmax",1196.87297061053,635.494000637713,"Rock_CrumCanyon"
"qmax",5064.66211652591,3969.78641044484,"Rock_dwn_QRD"
"qmax",1670.95412953987,1185.84596661737,"Rock_EdnaMtn"
"qmax",4432.09218440778,2661.19066708772,"Rock_RCD"
"qmax",19786.3810841593,9523.64008610295,"RockTJReconnect"
"qmax",909.742378972813,669.735891765609,"Rodeo"
"qmax",9490.81496531997,8670.33956213785,"Sage_up_QRD"
"qmax",2040.25458940406,1057.72509662714,"SanJuan&SanJuan_SF"
"qmax",27961.4462757051,19436.3830325058,"SFLH_Pole_Snowstorm"
"qmax",2204.71431638878,1417.47326824046,"Sherman"
"qmax",1647.97346319269,990.204333434848,"Sherman_EF"
"qmax",3899.49544675962,2414.38372283465,"ShermanReconnect"
"qmax",1528.34406565484,604.547741261123,"Silver_NF"
"qmax",1637.94910394759,1389.70696199826,"Singas"
"qmax",7559.47194491841,6393.12356703376,"Smith_Main_NF_MF_SF"
"qmax",12324.2242476064,10718.9938786458,"SmithGenReconnect"
"qmax",4925.89397290366,3592.98531652725,"Snow&Chicken&Leonard"
"qmax",1008.79921276069,643.344003455797,"Sonoma"
"qmax",1555.90860424697,905.142717914189,"Star"
"qmax",6797.28213431569,5157.72169523229,"Stephens"
"qmax",1018.81315328412,541.808975556533,"Stewart&Stewart_NF&MF"
"qmax",2004.7147632815,1798.53872810637,"StoneHouse"
"qmax",10651.2321125279,7358.21203574041,"Susie"
"qmax",9170.77389974728,6150.73575690799,"T_Creek&Draw"
"qmax",16285.7325926039,12576.328748831,"Tabor"
"qmax",5178.107441309,3408.00150727857,"Talbot_up"
"qmax",7905.03516742356,6386.61778304324,"Thorpe_LamValley"
"qmax",4743.33395150103,3047.08135690459,"Threemile"
"qmax",3971.49935396719,2071.59101358982,"Tierney"
"qmax",4321.91212284613,2395.14941396971,"ToeJam"
"qmax",4334.11594631522,2288.75283516015,"Toyn"
"qmax",802.005815916844,423.313877254676,"Trout_EastHumboldt"
"qmax",679.239427682594,358.515449651519,"Trout_EastHumboldt_up"
"qmax",4370.19173857916,3175.71222143976,"Washburn_dwn"
"qmax",379.887706140875,165.142545918368,"Washburn_up"
"qmax",4250.52347050234,2355.57647302819,"Washington"
"qmax",3055.92280615966,2454.59299400884,"WashONeal"
"qmax",92240.1073902266,75007.9598123298,"Whitehorse_OR"
"qmax",7300.37751831281,6679.0643281372,"Whitehorse_OR_E_up"
"qmax",9795.21651653406,8926.5823033369,"Whitehorse_OR_W_up"
"qmax",3137.02012916838,2068.44254918306,"Wildcat"
"qmax",29940.7389390515,22047.5217300144,"Willow&Lewis&Nelson"
"qmax",1908.89120697141,1121.33912263596,"Willow_DesatoyaMtns"
"qmax",24279.5988801894,13615.2136290544,"Willow_OR_dwn"
"qmax",19636.6384583634,11873.0127285933,"Willow_OR_up"
"qmax",3759.28466266091,2500.36641450808,"Willow_QRD"
"qmax",7871.03639497806,4490.20828603969,"Willow_QRD_SF"
"qmax",981.555011333688,710.003710113696,"WilsonCanyon"
"qmax",1857.57404752831,1435.78603387244,"Winters"
"qmax",7196.36647320459,6324.93542358633,"WMR&CmpDraw&Gaws"
"qmax3",1171.52751875103,975.601173362751,"Abel"
"qmax3",2406.37885188953,1977.50042056985,"Abel&SHReconnect"
"qmax3",4904.74820031128,4040.4125716644,"Ackler"
"qmax3",2373.24326199391,2107.33150540688,"Alles"
"qmax3",6081.27154353969,5404.53166121276,"Alles&DeeringReconnect"
"qmax3",15158.1894285676,6501.38161607439,"Andorno"
"qmax3",1241.49539972775,1107.40507010855,"Bartlett"
"qmax3",1086.26097568431,819.286710875643,"Battle_NF"
"qmax3",1677.27290922384,1437.18142596634,"Big&Big_NF"
"qmax3",1154.37643973141,571.735556828844,"Big&CorralCyn"
"qmax3",556.853892198656,260.234492770161,"Birch"
"qmax3",842.2950290935,360.870049821908,"Boone"
"qmax3",1052.0772706045,615.03195208868,"Bottle"
"qmax3",7811.28877765753,6942.55662186541,"Boulder_1st&2nd_dwn&WF"
"qmax3",2300.92264470656,2042.71039682552,"Boulder_2nd_up"
"qmax3",3503.49043902297,3109.02038856656,"Boulder_4th"
"qmax3",7931.74141816147,7026.21852632053,"Boulder_EF&Boulder_3rd"
"qmax3",9017.87497306422,7977.79292469318,"BoulderEFWFReconnect"
"qmax3",5185.0460621645,4895.22806536719,"BoxCanyon_aka_Stoddard"
"qmax3",34615.9675257785,10362.717926786,"Brown"
"qmax3",2943.28414520897,1857.45669401852,"BuffaloCanyon"
"qmax3",4242.742091809,4350.8630898368,"CA_Bodie"
"qmax3",922.2796064775,902.184806284765,"CA_ByDay"
"qmax3",5921.03352262056,6288.71140315274,"CA_CharityValley"
"qmax3",3103.03517057906,5397.40370251787,"CA_ColdStream"
"qmax3",6571.97438676475,7314.05032743144,"CA_Deep"
"qmax3",2642.03549044172,3994.95398240757,"CA_Deer"
"qmax3",8554.14674538922,7747.4417106994,"CA_Desert"
"qmax3",8118.95783339866,12193.5449606413,"CA_Dog"
"qmax3",2585.68538009834,2506.08260425103,"CA_Dunderberg&Dog"
"qmax3",4335.37728006116,4299.88655061819,"CA_Eagle"
"qmax3",14669.4069938845,18761.1120981916,"CA_EastForkCarson"
"qmax3",3799.30068529669,4311.39280745273,"CA_EastForkCarson_up1"
"qmax3",2994.63965666284,3217.53922300575,"CA_EastForkCarson_up2"
"qmax3",18201.5180011365,23522.1631336498,"CA_EastForkCarsonReconnect"
"qmax3",3262.12500839172,3465.60799429796,"CA_Forestdale"
"qmax3",2399.11780682375,3170.65307253951,"CA_GoldenCanyon"
"qmax3",4565.77930030638,4273.62069175795,"CA_Horse"
"qmax3",940.466657427,1184.63234639379,"CA_Horsethief"
"qmax3",4614.03619149656,5012.41859681075,"CA_Hunter"
"qmax3",2173.82697191359,2316.24912055741,"CA_JeffDavis"
"qmax3",57709.7640296695,77492.789257576,"CA_LittleTruckee"
"qmax3",3425.73679676731,4164.13853428252,"CA_Mill_dwn"
"qmax3",2067.31189176587,2507.87015969865,"CA_Mill_up"
"qmax3",2369.68016954309,3791.05725514535,"CA_Mountaineer"
"qmax3",1085.48040294694,1294.23662487549,"CA_Mountaineer_E_up"
"qmax3",1005.49252831553,1912.87205111019,"CA_Mountaineer_W_up"
"qmax3",1527.03990899013,1387.04025769436,"CA_Murphy"
"qmax3",2304.21448797028,3120.17342628928,"CA_MurrayCanyon"
"qmax3",1405.84963716125,1386.58866848232,"CA_Paiute_CorralValley"
"qmax3",1470.98342908978,1448.75959127739,"CA_Paiute_CoyoteValley"
"qmax3",592.77453993175,689.898750775446,"CA_Paiute_FlyValley"
"qmax3",906.935004648531,893.232894855128,"CA_Paiute_FourMileCanyon"
"qmax3",10763.9958912168,11819.4750326307,"CA_Paiute_Historic"
"qmax3",4685.24805328469,5059.74543319168,"CA_Paiute_UpSilverKing"
"qmax3",17069.911774093,21835.7673470296,"CA_Perazzo"
"qmax3",1394.81828481925,2137.0208163583,"CA_PoisonFlat"
"qmax3",3482.65029739313,4873.77964565346,"CA_Pole"
"qmax3",1158.38283354563,1535.48010862581,"CA_RaymondMeadows"
"qmax3",14605.2725920201,13690.4937242722,"CA_Robinson"
"qmax3",25555.0945484382,27059.766189029,"CA_RoBoReconnect"
"qmax3",6250.76199240928,6313.24769712046,"CA_Rough"
"qmax3",9588.69843392069,17089.6113226263,"CA_SageHen"
"qmax3",3639.93912506769,3608.65498302825,"CA_Silver_dwn"
"qmax3",1225.65985384362,1853.28877371405,"CA_Silver_NWTahoe"
"qmax3",3639.93912506769,3608.65498302825,"CA_Silver_up"
"qmax3",2448.53592866088,2060.01303030044,"CA_Slinkard"
"qmax3",3384.67326382325,2851.29454014978,"CA_Slinkard_dwn"
"qmax3",4841.49803945,4615.33656196677,"CA_UpperTruckee_dwn"
"qmax3",4841.49803945,4615.33656196677,"CA_UpperTruckee_up"
"qmax3",32090.5012853039,40829.0550319604,"CA_WebberLake"
"qmax3",4290.66463355325,6021.15112016552,"CA_Willow"
"qmax3",2366.199271169,3297.75569464898,"CA_Willow_up"
"qmax3",2430.72635842322,2508.61443726615,"CA_Wolf_dwn"
"qmax3",2430.72635842322,2508.61443726615,"CA_Wolf_up"
"qmax3",20322.5360623212,14506.915023295,"Cabin&DJ&Lye&Martin&Deep&RoundCorral&Alkali"
"qmax3",1230.01408334509,1424.8707936712,"Cabin_up"
"qmax3",734.623537509344,486.761781935603,"California"
"qmax3",4108.66378422584,2878.17818355946,"Canyon&Canyon_SF"
"qmax3",2282.95864876647,1919.85900358933,"Carville"
"qmax3",12.4305532626563,4.98991132491182,"Clear_RRD"
"qmax3",3677.72839408634,3392.51682808731,"Cold_ColdNF"
"qmax3",967.526068316125,865.581099566469,"Cold_NF_up"
"qmax3",1019.03106163991,768.625802027254,"Colman_up"
"qmax3",4344.35893014112,3230.45947384127,"Conrad_dwn&Talbot_dwn"
"qmax3",1018.28528575234,758.326342274551,"Conrad_up"
"qmax3",4249.92863845769,3216.58430614187,"Cottonwood&Indian_QRD"
"qmax3",748.238102510781,392.646306906081,"Cottonwood_RRD"
"qmax3",1886.33904500462,1613.2456853988,"Cottonwood_SFHRD"
"qmax3",1887.05586377453,1674.61579153454,"Cottonwood_WalkerLake"
"qmax3",2000.0264556795,1680.44742556616,"Coyote"
"qmax3",356.590408582812,185.645890888975,"CraneCanyon"
"qmax3",356.590408582812,185.645890888975,"CraneCanyon_dwn"
"qmax3",3783.75018340722,3301.53348401862,"Crowley"
"qmax3",4496.12459042612,2512.10654094853,"Currant"
"qmax3",1379.24465699966,772.034810690972,"Currant_up"
"qmax3",3700.09930203203,3290.15111129168,"Deering"
"qmax3",2480.91952168725,1361.07071018952,"Dixie"
"qmax3",170.945197295281,100.404357022324,"Donnelly"
"qmax3",1923.29360500556,1149.87883269162,"Dorsey"
"qmax3",1308.95996313031,800.631102674893,"Draw_AboveBarrier"
"qmax3",3404.70293879428,3185.71520940243,"EchoCanyon_dwn"
"qmax3",1953.28029055234,1853.65061260062,"EchoCanyon_up"
"qmax3",2235.84240317975,1218.88757862728,"Edwards"
"qmax3",5197.60788867084,3544.03263724884,"Eightmile"
"qmax3",17026.0079928959,14239.4697582914,"EMR&MRBC&CC&QC&Cutt&Short&WillBas"
"qmax3",1257.74463838119,1081.35562204618,"FallsCanyon"
"qmax3",2840.49383411613,2287.84192976904,"Flat"
"qmax3",772.9613679255,465.418706482521,"Flat_SFReconnect"
"qmax3",983.012624746625,642.347360298204,"Foreman"
"qmax3",1077.18577668462,758.935962864689,"Frazer"
"qmax3",4771.92832927741,4514.68468405708,"Furlong_N"
"qmax3",1841.30546452609,1290.72623101464,"Gance_RdCny_Warm"
"qmax3",724.105520085438,454.679694689614,"Gardner"
"qmax3",2501.10479341403,2101.20218779213,"Gennette"
"qmax3",3819.15616465019,2162.18407472682,"GreenMtn_Main_SF"
"qmax3",1475.74231136172,1150.54325695312,"GreenMtn_NF"
"qmax3",427.655819141375,247.31412909935,"Greys"
"qmax3",427.655819141375,247.31412909935,"Greys_up"
"qmax3",6551.29988573269,3508.17618358578,"GrMtnToynReconnect"
"qmax3",431.002041162312,260.295453110763,"Hall&Greys_dwn"
"qmax3",8066.52636001956,5044.29915859046,"Hanks&Conners"
"qmax3",723.532534380375,466.02576491012,"Happy"
"qmax3",2476.58681762569,2252.85378528008,"HorseCanyon"
"qmax3",537.440746437625,321.341221619781,"House"
"qmax3",11091.2457446531,7650.71880927105,"Humboldt_NF&ColeCyn"
"qmax3",20975.4209522202,13810.91198339,"HumboldtReconnect"
"qmax3",1225.92290113016,639.862759833817,"Illinois"
"qmax3",5166.66485838206,5883.63330238874,"Indian"
"qmax3",2116.39662805766,2451.93067803277,"Indian_SF"
"qmax3",2046.13836043838,1347.47661039101,"Jackson"
"qmax3",3744.32708101369,3453.88883766056,"Kings&ColdSpgs"
"qmax3",9178.7100624925,8637.16676273368,"KingsReconnect"
"qmax3",15109.8544945692,13928.8809159001,"Kleckner_dwn&Welch"
"qmax3",5730.31304295478,5384.27154482657,"Kleckner_up"
"qmax3",25238.0823280267,14053.2978051274,"KlondikeCan&Quinn_EF&Laca"
"qmax3",9599.71397938053,7951.53426586224,"LamoilleCyn"
"qmax3",1434.24195430941,682.406870836367,"Lee"
"qmax3",711.794200834344,351.97406144575,"Lewis_RRD"
"qmax3",1102.49163216578,1084.74200112259,"LineCanyon"
"qmax3",724.786110038281,559.191526899744,"LittleCottonwood"
"qmax3",27329.7337146104,17797.2128313455,"LittleHumboldt_NF"
"qmax3",1240.76785728434,1062.96800150282,"LittleJack"
"qmax3",1946.13877383203,1923.67277236129,"LogCabin&Raster"
"qmax3",2276.39161111372,1615.11807300506,"LoneMtn"
"qmax3",4446.73693556962,3597.65354462341,"Maggie"
"qmax3",33502.6439879344,24133.5576167335,"MaggieReconnect"
"qmax3",28489.0559353026,18941.4719803106,"Mahala&Jim"
"qmax3",20958.2805854626,19584.5456567192,"Mahogany&Segunda&LongCanyon"
"qmax3",1024.86258185094,569.460203497567,"MarySloan"
"qmax3",44469.8683675375,28682.7344071032,"MarysReconnect"
"qmax3",193.115471871594,98.8697487187958,"Marysville"
"qmax3",1286.64957752525,658.634740412729,"Marysville_nonconpop"
"qmax3",1286.64957752525,658.634740412729,"Marysville_nonconpop_up"
"qmax3",1752.37211059459,1594.56457107967,"McConnell"
"qmax3",4172.30588505069,3544.5023073685,"McCutcheon_dwn"
"qmax3",4172.30588505069,3544.5023073685,"McCutcheon_up"
"qmax3",45081.8388300771,40033.84785841,"McDermitt_dwn&Sage_dwn"
"qmax3",7676.27831065928,7210.65037988372,"McDermitt_NF&McD_up"
"qmax3",50470.3358674915,44234.2256921502,"McDermittReconnect"
"qmax3",4249.00443236291,2803.28598855929,"Mitchell&Mitchell_NF"
"qmax3",347.277815976062,185.068784553192,"MohawkCanyon"
"qmax3",1567.55597469728,972.984208040157,"MRBC_up"
"qmax3",1330.75377449334,853.431101193254,"Mullinex"
"qmax3",1994.46201870513,1494.97020291888,"Paiute"
"qmax3",1648.83882559669,829.705785377292,"Pearl"
"qmax3",672.128530034344,319.689257196516,"PeteHanson"
"qmax3",42276.8948412897,27757.7090726929,"Pie&Dorsey_low&Gance_low"
"qmax3",2466.91826503616,2139.85709141773,"Pole_QRD"
"qmax3",1416.63341565728,984.564376347358,"Pratt"
"qmax3",1248.62967111044,888.828285553359,"PrattReconnect"
"qmax3",2033.600217009,1451.82012234794,"Rabbit"
"qmax3",2309.84958485309,1286.18234051055,"Rattlesnake_SFHRD"
"qmax3",3897.96269415594,3522.72527903315,"Rebel"
"qmax3",8520.99322229309,18576.6879239127,"RedMtn"
"qmax3",7392.57188509609,4220.12009819026,"Reese&Sawmills"
"qmax3",17766.63259169,9223.06892976548,"ReeseReconnect"
"qmax3",8752.43348141491,7579.06841531303,"Riser"
"qmax3",560.286352164,290.423888664753,"Rock_CrumCanyon"
"qmax3",3174.76082045444,2792.1415763137,"Rock_dwn_QRD"
"qmax3",895.480428903719,589.665233170373,"Rock_EdnaMtn"
"qmax3",2282.07412037972,1558.28871001517,"Rock_RCD"
"qmax3",9901.28670761981,5490.55093790331,"RockTJReconnect"
"qmax3",499.96506650125,469.574445411836,"Rodeo"
"qmax3",5526.79804163438,5353.35225519208,"Sage_up_QRD"
"qmax3",961.796339591969,491.240750581515,"SanJuan&SanJuan_SF"
"qmax3",14646.5131074919,10030.673742758,"SFLH_Pole_Snowstorm"
"qmax3",1192.08478614387,800.370794681807,"Sherman"
"qmax3",867.119638701937,537.507399702621,"Sherman_EF"
"qmax3",2068.68264568212,1336.89924820966,"ShermanReconnect"
"qmax3",722.945866927813,336.361530886146,"Silver_NF"
"qmax3",973.035975460031,796.719800046592,"Singas"
"qmax3",4121.16814517687,3210.46037099931,"Smith_Main_NF_MF_SF"
"qmax3",6697.78149052297,5379.76156536161,"SmithGenReconnect"
"qmax3",2742.2468814975,2367.83411704462,"Snow&Chicken&Leonard"
"qmax3",508.36074526425,295.924504685241,"Sonoma"
"qmax3",767.241506516688,454.390869954799,"Star"
"qmax3",4120.26234561316,3550.43799726057,"Stephens"
"qmax3",478.5456120765,240.970731317193,"Stewart&Stewart_NF&MF"
"qmax3",1189.09548449213,989.480236000495,"StoneHouse"
"qmax3",5880.32255591875,4218.54617924874,"Susie"
"qmax3",5394.55190076375,3284.65436324992,"T_Creek&Draw"
"qmax3",9695.86480454494,7194.4514485454,"Tabor"
"qmax3",2982.75001394734,2224.12536487061,"Talbot_up"
"qmax3",4904.90696418759,4461.72973233506,"Thorpe_LamValley"
"qmax3",2321.20943898891,1576.25736672328,"Threemile"
"qmax3",1888.27422003347,965.695248389917,"Tierney"
"qmax3",2208.52270967391,1489.84333429275,"ToeJam"
"qmax3",2319.14695940884,1187.09136938898,"Toyn"
"qmax3",440.575639723281,270.198462109738,"Trout_EastHumboldt"
"qmax3",373.134881864187,228.83805219586,"Trout_EastHumboldt_up"
"qmax3",2722.01460197972,2356.24494360853,"Washburn_dwn"
"qmax3",190.037514236719,105.543132372899,"Washburn_up"
"qmax3",2001.55467282828,1072.59802366213,"Washington"
"qmax3",1748.65543540022,1360.00334435817,"WashONeal"
"qmax3",53231.4787757392,48204.9435831683,"Whitehorse_OR"
"qmax3",4343.20633632409,4027.63321506714,"Whitehorse_OR_E_up"
"qmax3",5845.34108703591,5420.91696277291,"Whitehorse_OR_W_up"
"qmax3",1816.34123798475,1106.04642065198,"Wildcat"
"qmax3",15263.4842570745,11575.0413615257,"Willow&Lewis&Nelson"
"qmax3",814.719273243812,486.934710558916,"Willow_DesatoyaMtns"
"qmax3",12780.9003023022,9421.92675374068,"Willow_OR_dwn"
"qmax3",10535.9216943477,8220.32725028424,"Willow_OR_up"
"qmax3",2145.97947541309,1909.63036696028,"Willow_QRD"
"qmax3",4256.13350451606,2852.74930214455,"Willow_QRD_SF"
"qmax3",491.218835104219,334.337905685512,"WilsonCanyon"
"qmax3",941.241215179562,623.666718718749,"Winters"
"qmax3",4330.92320848219,4245.3667003096,"WMR&CmpDraw&Gaws"
